epoch,train_loss,valid_loss,rmse_gap,time
0,94.86932790953249,112.04639188105445,0.47124888690618366,43:59
