epoch,train_loss,valid_loss,rmse_gap,time
0,95.23943768743878,104.26807323958909,0.46728213819173664,40:19
