epoch,train_loss,valid_loss,rmse_gap,time
0,-7.417934358225301,-6.799481862157739,0.19076018959181706,1:00:23
