epoch,train_loss,valid_loss,rmse_gap,time
0,-7.061013855694362,-6.663726193876937,0.19219382475319077,57:55
