epoch,train_loss,valid_loss,rmse_gap,time
0,-155.45217425872852,-135.11614807490676,0.10504688828801498,27:51
