epoch,train_loss,valid_loss,rmse_gap,time
0,-82.76257632566505,-101.85865081807859,0.10394071166714032,24:41
