epoch,train_loss,valid_loss,rmse_gap,time
0,-98.17289405029788,-86.76927228143445,0.131181305513168,28:21
