epoch,train_loss,valid_loss,rmse_gap,time
0,117.0733546545053,113.88680216163283,0.448564085822839,46:56
