epoch,train_loss,valid_loss,rmse_gap,time
0,-147.3450272743375,-136.65836451162346,0.10382956419235621,22:42
1,-157.4276099703657,-119.64274502103137,0.10805423624622516,22:36
