epoch,train_loss,valid_loss,rmse_gap,time
0,-169.9111676440821,-117.5957596776455,0.10939677078754474,21:33
