epoch,train_loss,valid_loss,rmse_gap,time
0,-168.72945770096229,-122.18378932366849,0.10762950376822399,23:40
