epoch,train_loss,valid_loss,rmse_gap,time
0,-135.3108327694852,-106.02728671320519,0.12046067321147674,24:33
