epoch,train_loss,valid_loss,rmse_gap,time
0,52.66834511443743,46.67409524023714,0.2883133364793582,21:53
1,51.089021974847874,44.37881531313277,0.28337445606788,22:28
