epoch,train_loss,valid_loss,rmse_gap,time
0,-0.957575121760198,-7.08429667385556,0.17357075797059598,24:35
