epoch,train_loss,valid_loss,rmse_gap,time
0,-75.58542458438788,-79.69343303232566,0.11326446565680015,25:09
