epoch,train_loss,valid_loss,rmse_gap,time
0,-38.76618426389966,-42.61271758123127,0.041157684954851476,02:55
1,-39.5931797505842,-42.98420590022686,0.041553508514897176,02:52
