epoch,train_loss,valid_loss,rmse_gap,time
0,-79.6569602851528,-81.56651106883506,0.11320418348679176,25:25
