epoch,train_loss,valid_loss,rmse_gap,time
0,3.9904228589850774,-0.6295624126851053,0.18528504860706818,24:57
