epoch,train_loss,valid_loss,rmse_gap,time
0,-27.642976552206747,-34.40186291937883,0.05677300466514514,02:56
1,-33.92000347122705,-38.63150753415651,0.050979640806649164,02:57
