epoch,train_loss,valid_loss,rmse_gap,time
0,-10.998339291635734,-15.672505041125882,0.0993150637969178,02:51
1,-17.301333817708045,-22.16643672065637,0.08571507133995637,02:51
