epoch,train_loss,valid_loss,rmse_gap,time
0,114.12212898452157,96.94231836407243,0.35265953819721174,20:44
1,67.4863978574281,34.94616589181095,0.23945421429398733,20:39
