epoch,train_loss,valid_loss,rmse_gap,time
0,-1.6217236162497741,-38.955630842620586,0.14620502312213945,23:45
1,-35.63992301634394,-57.00691754198868,0.13090854348280492,22:09
