epoch,train_loss,valid_loss,rmse_gap,time
0,-6.7443392051752165,-7.335043793606185,0.1528763274893124,02:39
