epoch,train_loss,valid_loss,rmse_gap,time
0,-70.9022745777,-72.3411301945327,0.13725306938833265,24:20
1,-78.379054823725,-76.96287798298707,0.13296698056050202,23:55
