epoch,train_loss,valid_loss,rmse_gap,time
0,-4.713285561615294,-5.854371774676879,0.16132152778900938,02:37
