epoch,train_loss,valid_loss,rmse_gap,time
0,-3.623100508651159,-4.139967502578361,0.07496946893537003,03:57
1,-5.193549808131487,-5.5371115163587135,0.060948411455948225,04:14
2,-6.309245875225929,-6.533322934246731,0.05208706257298883,04:33
3,-7.05873631640792,-7.211128717458557,0.046812678504045684,04:22
