epoch,train_loss,valid_loss,rmse_gap,time
0,-18.11179836539343,-18.427617991960904,0.0964574855663471,02:49
1,-18.591681544025747,-19.413277564144376,0.09247352190985667,02:52
