epoch,train_loss,valid_loss,rmse_gap,time
0,-15.563657774090048,-15.840924771825078,0.10700311818304764,02:44
1,-15.958544632147984,-16.626610445493483,0.10314937865701618,02:54
