epoch,train_loss,valid_loss,rmse_gap,time
0,-11.938199650482606,-13.1366112707114,0.11923227388137693,02:38
1,-13.676606631593597,-14.978353079939973,0.11105846497928089,02:38
