epoch,train_loss,valid_loss,rmse_gap,time
0,-16.66521739033613,-17.39488740989931,0.09999150638684265,02:40
1,-17.1658973548136,-17.974066466955108,0.0979332416356422,02:43
