epoch,train_loss,valid_loss,rmse_gap,time
0,-10.421641277139479,-15.470676197655191,0.11156790977602758,02:48
1,-16.90813519656053,-21.245057630643718,0.08770509756472195,02:54
