epoch,train_loss,valid_loss,rmse_gap,time
0,-26.097330926963892,-37.44073858484326,0.17552762645394054,25:36
1,-50.44392717422668,-66.47271225378441,0.1494013800549863,26:02
