epoch,train_loss,valid_loss,rmse_gap,time
0,-7.932900788865883,-8.451432116723776,0.14481349074223385,02:42
