epoch,train_loss,valid_loss,rmse_gap,time
0,-2.514020332008161,-3.8924525306376196,0.1744307882535685,02:41
