epoch,train_loss,valid_loss,rmse_gap,time
0,-4.815664413199472,-5.862634961129117,0.16254914744835783,05:23
1,-8.257145044657062,-9.265402747718214,0.14151627129852284,05:27
2,-10.721530812946327,-11.764654858598192,0.12698748931085707,05:17
3,-13.121912725983597,-13.537241211477182,0.11955924478311304,05:31
