epoch,train_loss,valid_loss,rmse_gap,time
0,-85.10644147965318,-82.58891701407401,0.1280936716652628,24:21
1,-86.26774087820651,-83.30552468955204,0.129776839222481,23:29
