epoch,train_loss,valid_loss,rmse_gap,time
0,-82.5828897999593,-78.92159827027132,0.13789134272016013,21:39
1,-86.11913642127529,-89.5801202011465,0.12828802498869407,21:18
