epoch,train_loss,valid_loss,rmse_gap,time
0,39.86396990919519,17.69249748272035,0.2211643337057187,20:40
1,31.96486870499115,3.8267668926814142,0.20978079315943596,20:34
