epoch,train_loss,valid_loss,rmse_gap,time
0,16.858001659006074,-7.042792270298136,0.18933565742694414,23:31
