epoch,train_loss,valid_loss,rmse_gap,time
0,41.43574794686782,32.31576120039852,0.25487672346524703,24:13
