epoch,train_loss,valid_loss,rmse_gap,time
0,46.48958987449135,30.196986034824437,0.24994757771492004,22:27
1,45.22693056238562,46.15345033250383,0.2734106303407596,21:01
