epoch,train_loss,valid_loss,rmse_gap,time
0,164.0194757235517,232.91923792335305,0.710805282378808,22:37
1,164.18543470198932,225.2768399420598,0.7074464704745855,22:50
