epoch,train_loss,valid_loss,rmse_gap,time
0,158.9302171276174,224.42965975637932,0.7016976876900747,24:04
